{
  "model": "lstm",
  "train_losses": [
    2.0260110439518324,
    1.4361886361366292,
    1.1388687064454133,
    0.9516758192978619,
    0.8358197981603012,
    0.7572285349511547,
    0.7003729417321939,
    0.6608359257521957,
    0.6280024754586334,
    0.6010954659448788
  ],
  "test_losses": [
    1.861054353477541,
    1.9312711274328311,
    2.0897266618476427,
    2.250378389989049,
    2.348549837908469,
    2.4557926309995413,
    2.5683527938590562,
    2.6362987638505038,
    2.698157924265901,
    2.7444929859854956
  ],
  "final_train_loss": 0.6010954659448788,
  "final_test_loss": 2.7444929859854956
}