{
  "model": "transformer",
  "train_losses": [
    2.492956479674041,
    2.415427929157662,
    2.4069313845604685,
    2.402097546554484,
    2.3988412268772175
  ],
  "test_losses": [
    2.4646948979905816,
    2.475931216862576,
    2.457988086810782,
    2.4681397489279755,
    2.4628637290197957
  ],
  "final_train_loss": 2.3988412268772175,
  "final_test_loss": 2.4628637290197957
}